O*NET-SOC Code,Artistic,Conventional,Enterprising,Investigative,Realistic,Social
11-1011.00,2.67,5.33,7.0,2.0,1.33,3.67
11-1011.03,2.67,4.33,7.0,4.33,1.0,2.33
11-1021.00,1.0,3.67,7.0,1.33,1.33,3.33
11-1031.00,3.67,3.0,7.0,3.67,1.0,4.67
11-2011.00,5.33,4.67,7.0,2.0,1.67,2.33
11-2021.00,3.67,5.33,7.0,2.33,1.0,2.67
11-2022.00,2.0,4.67,7.0,2.0,3.0,3.67
11-3012.00,1.0,5.33,7.0,2.33,2.0,2.67
11-3021.00,1.67,5.33,6.67,4.33,4.0,1.67
11-3031.00,1.33,5.0,7.0,1.67,1.67,3.33
11-3031.01,1.0,7.0,6.0,2.67,1.67,2.67
11-3031.03,1.0,4.67,7.0,1.67,1.0,2.67
11-3051.00,1.33,6.0,7.0,2.33,2.67,3.33
11-3051.01,1.33,5.67,7.0,3.33,4.33,2.0
11-3051.02,2.0,5.67,7.0,3.33,3.67,1.67
11-3051.03,1.33,5.67,7.0,3.33,4.0,2.0
11-3051.04,1.33,5.67,7.0,3.0,5.0,2.0
11-3051.06,1.33,5.67,7.0,3.0,3.67,1.33
11-3061.00,1.33,5.33,7.0,2.0,2.67,2.67
11-3071.00,1.33,5.22,7.0,1.67,3.0,1.89
11-3071.04,1.67,4.67,7.0,2.0,2.67,2.33
11-3111.00,1.67,5.33,7.0,1.33,1.0,4.67
11-3121.00,2.33,5.0,7.0,2.33,1.33,5.67
11-3131.00,3.67,4.0,7.0,2.0,1.33,6.0
11-9013.00,1.89,4.78,7.0,2.89,6.22,2.0
11-9021.00,1.33,4.67,7.0,2.0,5.67,2.0
11-9031.00,2.67,4.0,6.0,1.67,1.0,6.0
11-9032.00,2.67,4.33,6.67,2.0,1.33,6.33
11-9033.00,3.0,5.0,7.0,3.0,1.0,4.67
11-9041.00,1.67,4.0,7.0,4.67,4.67,1.33
11-9041.01,1.67,3.33,6.67,6.0,3.0,2.0
11-9051.00,1.67,5.33,7.0,1.67,4.33,4.33
11-9071.00,1.67,5.0,7.0,2.0,3.33,3.0
11-9081.00,1.33,5.33,7.0,1.67,3.0,4.0
11-9111.00,1.67,5.0,7.0,3.33,1.67,5.0
11-9121.00,1.33,3.0,7.0,5.33,3.0,1.67
11-9121.01,2.67,4.33,6.33,5.33,1.33,2.0
11-9121.02,2.0,4.0,4.33,6.67,2.67,1.67
11-9131.00,1.0,5.67,7.0,1.67,3.0,4.33
11-9141.00,1.33,5.67,7.0,1.0,3.0,3.67
11-9151.00,2.67,3.33,6.67,1.33,1.0,6.0
11-9161.00,2.0,3.67,5.67,3.0,3.67,6.33
11-9171.00,2.0,4.67,7.0,2.0,1.33,4.33
11-9179.01,2.33,3.33,6.67,2.67,3.67,4.67
11-9179.02,2.0,5.0,7.0,1.0,3.33,4.33
11-9199.01,1.67,5.33,7.0,2.0,1.67,3.33
11-9199.02,1.33,5.67,5.33,3.67,3.67,1.67
11-9199.08,1.0,6.0,7.0,2.0,3.67,2.67
11-9199.09,1.67,5.67,6.67,3.0,4.0,1.33
11-9199.10,2.33,4.67,7.0,4.33,2.33,2.0
11-9199.11,2.0,4.67,6.67,5.33,3.0,1.67
13-1011.00,3.0,4.67,7.0,1.33,1.33,4.33
13-1021.00,1.67,6.0,6.33,1.33,4.0,2.67
13-1022.00,1.33,5.67,7.0,2.0,3.33,2.33
13-1023.00,1.0,6.67,6.33,2.67,3.67,2.0
13-1031.00,1.33,6.67,5.33,3.0,2.67,2.67
13-1032.00,1.0,6.67,4.33,2.0,5.67,2.33
13-1041.00,1.0,6.0,6.0,1.67,2.33,3.0
13-1041.01,2.0,6.0,2.0,6.0,5.0,2.0
13-1041.03,2.33,4.33,6.0,3.0,1.0,6.33
13-1041.04,1.0,6.67,4.33,3.0,3.67,2.0
13-1041.06,1.33,5.0,3.67,6.67,5.0,2.33
13-1041.07,1.0,6.33,5.67,2.0,1.67,1.33
13-1041.08,1.33,5.67,6.33,1.0,2.0,3.0
13-1051.00,1.0,6.0,6.0,2.67,3.0,1.33
13-1071.00,2.67,4.67,6.0,2.67,1.0,4.0
13-1074.00,1.0,2.33,7.0,1.0,3.0,3.0
13-1075.00,2.33,4.67,6.33,3.0,1.0,4.33
13-1081.00,1.33,5.67,7.0,2.33,2.33,3.33
13-1081.01,2.33,5.33,3.33,7.0,4.33,1.0
13-1081.02,1.33,6.0,4.33,3.33,2.67,1.33
13-1111.00,1.67,4.33,6.0,6.33,1.33,2.33
13-1121.00,2.33,5.0,7.0,1.33,1.67,4.33
13-1131.00,4.67,5.0,6.67,2.0,1.0,3.33
13-1141.00,1.67,6.33,6.33,2.67,2.33,2.67
13-1151.00,4.67,4.67,4.0,2.33,1.33,6.67
13-1161.00,1.67,4.0,5.0,6.67,1.33,1.33
13-1161.01,2.67,3.67,5.33,4.33,1.33,1.67
13-1199.04,2.0,4.0,6.67,4.33,1.0,1.67
13-1199.05,3.67,3.0,5.67,4.33,1.67,2.33
13-1199.06,1.67,5.67,7.0,1.33,4.0,2.33
13-2011.00,1.0,7.0,4.83,3.33,1.5,1.83
13-2023.00,1.0,5.67,5.67,2.83,3.33,1.83
13-2031.00,1.33,7.0,5.67,4.0,1.67,2.33
13-2041.00,1.0,7.0,5.33,3.0,2.67,3.0
13-2052.00,1.33,5.67,6.67,3.0,1.0,3.67
13-2053.00,1.0,6.33,4.67,3.33,1.33,2.33
13-2061.00,1.33,5.67,6.67,3.0,1.33,2.0
13-2071.00,2.0,5.33,5.33,2.33,1.0,5.33
13-2072.00,1.0,6.67,6.0,2.67,1.0,4.0
13-2081.00,1.0,7.0,5.67,2.0,2.67,3.33
13-2082.00,1.0,7.0,4.67,1.33,1.67,2.67
13-2099.01,3.67,5.67,3.0,6.67,2.33,1.33
13-2099.04,1.0,3.67,6.33,5.67,2.33,1.33
15-1211.00,1.67,6.33,3.33,6.33,4.33,2.0
15-1211.01,2.0,3.33,2.67,5.0,3.0,5.33
15-1212.00,1.67,6.33,2.33,5.33,4.67,2.33
15-1221.00,4.33,4.33,1.67,7.0,5.0,1.0
15-1231.00,1.33,3.67,4.0,2.67,6.0,1.33
15-1232.00,1.67,5.33,2.67,5.33,5.67,4.33
15-1241.00,2.33,6.0,5.33,6.0,4.0,2.0
15-1241.01,1.33,3.67,5.33,3.0,6.0,1.33
15-1242.00,2.33,7.0,3.67,5.33,3.33,2.33
15-1243.00,2.67,4.0,3.67,5.33,2.67,1.67
15-1243.01,2.0,4.67,3.0,5.67,1.67,1.67
15-1244.00,1.67,4.67,4.0,6.0,5.67,2.0
15-1251.00,3.0,5.67,2.0,7.0,3.33,2.0
15-1253.00,2.0,6.0,1.67,6.33,4.33,1.0
15-1254.00,4.0,5.33,3.33,5.0,4.33,1.0
15-1255.01,6.0,3.33,4.67,3.0,2.0,1.67
15-1299.01,2.0,6.33,4.67,4.33,4.0,1.0
15-1299.02,2.0,4.67,2.0,6.33,5.17,1.17
15-1299.03,2.0,7.0,2.67,3.0,2.0,2.33
15-1299.08,2.67,4.33,1.67,6.33,5.67,1.0
15-1299.09,2.0,3.33,6.67,3.0,1.67,2.0
15-2011.00,1.67,6.0,3.33,4.33,2.0,1.0
15-2021.00,4.0,4.67,1.67,7.0,1.67,1.0
15-2031.00,2.67,5.33,4.67,6.33,3.0,1.67
15-2041.00,2.0,6.33,2.0,6.0,2.33,1.0
15-2041.01,2.0,5.33,1.0,6.67,3.0,1.67
15-2051.01,2.33,4.0,5.33,5.67,1.67,1.67
15-2051.02,1.33,7.0,3.0,5.33,2.67,2.33
15-2099.01,1.67,4.0,1.67,6.33,4.33,1.33
17-1011.00,6.67,2.33,4.0,5.0,4.0,1.67
17-1012.00,6.33,2.33,4.0,5.33,5.0,1.67
17-1021.00,3.33,5.33,2.0,5.33,5.67,1.0
17-1022.00,3.33,5.0,2.0,5.0,6.67,1.33
17-1022.01,1.33,5.0,1.67,5.0,4.33,1.0
17-2011.00,3.67,3.0,2.33,7.0,5.67,1.33
17-2021.00,3.0,3.0,4.33,6.67,6.33,1.33
17-2031.00,2.67,3.67,2.33,7.0,5.67,2.0
17-2041.00,2.0,3.67,3.0,6.67,6.33,1.0
17-2051.00,2.67,4.33,2.67,6.0,6.67,1.33
17-2051.01,2.0,3.67,3.33,6.0,6.67,1.33
17-2051.02,2.33,3.33,4.0,6.33,5.67,1.67
17-2061.00,2.0,4.33,2.33,6.67,6.33,1.0
17-2071.00,2.0,3.67,3.0,6.33,6.0,1.0
17-2072.00,4.0,3.67,2.67,7.0,5.67,2.0
17-2072.01,2.0,3.67,2.33,5.33,6.33,1.0
17-2081.00,3.0,4.33,3.67,7.0,4.67,1.67
17-2111.00,1.33,5.0,3.17,6.17,5.33,2.0
17-2111.02,2.0,4.0,4.67,6.67,5.33,2.33
17-2112.00,2.0,4.67,4.67,7.0,4.33,1.33
17-2112.01,2.33,3.0,3.0,6.0,5.33,2.67
17-2112.02,2.33,4.33,2.67,6.0,5.33,1.33
17-2112.03,2.0,3.67,3.33,6.0,6.67,1.0
17-2121.00,4.0,3.33,2.83,6.83,5.67,1.17
17-2131.00,2.67,3.33,4.33,7.0,6.0,1.33
17-2141.00,2.67,4.0,1.67,6.67,6.33,2.0
17-2141.01,2.0,3.0,3.33,5.67,6.0,1.67
17-2141.02,2.33,3.33,3.67,6.0,7.0,1.33
17-2151.00,1.67,3.67,4.33,6.33,5.67,1.33
17-2161.00,1.67,3.67,2.33,7.0,5.33,1.0
17-2171.00,1.67,5.0,3.33,6.67,5.33,1.0
17-2199.03,3.0,3.33,1.67,7.0,6.0,1.0
17-2199.05,3.67,4.0,1.67,7.0,5.33,1.0
17-2199.06,2.33,4.0,1.67,7.0,6.0,1.0
17-2199.07,4.0,4.0,1.67,7.0,5.33,1.33
17-2199.08,2.67,4.0,1.67,6.67,6.0,1.0
17-2199.09,2.67,3.0,4.67,6.67,5.0,1.33
17-2199.10,2.0,3.33,4.0,4.33,6.0,1.33
17-2199.11,2.0,3.33,3.33,5.67,6.33,1.33
17-3011.00,4.67,5.17,2.17,4.33,5.83,1.33
17-3012.00,3.67,5.33,1.83,4.5,5.67,1.5
17-3013.00,3.33,4.0,2.33,4.0,6.67,1.0
17-3021.00,1.67,5.0,2.33,6.0,6.67,1.33
17-3022.00,2.67,5.33,2.33,5.0,6.0,1.0
17-3023.00,2.0,4.0,2.5,5.75,6.67,1.08
17-3024.00,2.33,5.0,1.33,5.33,7.0,1.33
17-3024.01,2.0,3.0,1.67,4.33,6.67,1.0
17-3025.00,1.67,5.33,2.0,5.67,7.0,1.0
17-3026.00,1.67,5.0,3.33,6.33,5.0,1.33
17-3026.01,1.5,4.33,2.0,4.0,6.0,1.33
17-3027.00,3.33,3.67,1.67,6.0,6.0,1.0
17-3027.01,1.33,3.67,2.67,3.67,6.67,1.33
17-3029.01,1.67,4.33,2.67,6.33,6.67,1.0
17-3029.08,2.33,4.0,1.33,5.33,7.0,1.0
17-3031.00,1.83,6.17,1.83,3.17,5.0,1.0
19-1011.00,2.33,3.0,2.0,7.0,5.33,1.0
19-1012.00,3.0,4.33,2.33,7.0,5.33,1.33
19-1013.00,3.67,3.0,1.67,7.0,5.67,3.0
19-1021.00,5.0,3.33,1.67,7.0,4.67,1.33
19-1022.00,1.33,3.0,2.0,7.0,4.67,1.67
19-1023.00,2.33,3.0,2.67,7.0,5.33,1.67
19-1029.01,3.0,5.0,1.0,7.0,4.33,1.67
19-1029.02,4.67,3.0,1.0,7.0,5.33,1.33
19-1029.03,4.33,3.0,1.33,7.0,4.33,2.0
19-1029.04,1.67,3.33,3.0,7.0,4.0,1.33
19-1031.00,2.0,2.67,5.33,5.33,5.33,2.0
19-1031.02,1.33,3.67,4.67,6.0,6.0,1.67
19-1031.03,4.33,1.67,3.67,3.67,4.67,7.0
19-1032.00,1.33,3.0,4.0,5.67,6.67,2.33
19-1041.00,1.67,3.33,3.0,7.0,3.67,4.0
19-1042.00,4.33,2.33,1.67,7.0,4.33,4.0
19-2011.00,5.0,2.67,1.67,7.0,4.67,2.67
19-2012.00,3.33,3.0,2.0,7.0,4.0,1.0
19-2021.00,2.33,3.67,3.0,6.67,4.33,3.67
19-2031.00,2.0,3.33,2.0,7.0,4.0,1.0
19-2032.00,2.67,3.33,3.67,7.0,5.0,1.33
19-2041.00,3.33,4.0,1.67,7.0,5.33,1.67
19-2041.01,2.67,3.0,4.67,6.0,2.0,2.0
19-2041.02,2.33,2.33,5.33,6.0,6.0,2.0
19-2041.03,2.33,2.67,4.0,6.67,2.33,1.67
19-2042.00,3.0,3.33,2.33,7.0,5.0,1.33
19-2043.00,3.0,3.0,2.67,7.0,5.33,1.33
19-2099.01,2.33,3.33,1.67,6.0,6.33,1.0
19-3011.00,2.67,4.67,4.0,7.0,2.33,1.67
19-3011.01,2.0,3.33,3.67,7.0,1.33,2.0
19-3022.00,2.0,5.0,4.67,6.67,1.0,1.33
19-3032.00,4.0,2.67,5.33,6.33,1.0,4.0
19-3033.00,4.67,2.0,2.67,6.33,1.5,6.17
19-3034.00,3.67,3.67,1.67,7.0,1.33,6.0
19-3041.00,5.33,2.67,1.67,7.0,1.67,4.67
19-3051.00,4.0,3.0,4.67,6.67,3.0,2.0
19-3091.00,5.0,3.5,2.33,6.83,4.0,2.83
19-3092.00,4.0,3.33,1.0,7.0,4.67,2.67
19-3093.00,2.67,3.0,2.67,6.67,1.0,2.67
19-3094.00,5.33,2.0,2.33,7.0,1.67,4.33
19-3099.01,2.67,4.0,2.33,6.33,3.67,1.67
19-4012.00,1.0,4.33,2.33,5.0,6.33,1.33
19-4012.01,1.67,4.67,2.67,5.67,6.0,1.0
19-4013.00,1.67,5.0,1.67,5.0,5.67,1.0
19-4021.00,1.33,4.67,2.33,5.0,6.33,1.67
19-4031.00,1.33,4.0,2.0,6.0,5.67,1.0
19-4042.00,1.33,3.67,2.33,6.0,5.33,1.33
19-4043.00,1.17,5.17,2.17,5.33,5.83,1.17
19-4051.00,1.67,5.33,2.0,5.0,7.0,1.33
19-4051.02,1.33,5.33,3.33,4.67,6.33,1.33
19-4061.00,2.33,6.33,2.0,5.0,1.67,2.67
19-4071.00,2.67,3.0,4.0,4.0,5.33,3.33
19-4092.00,2.33,5.0,1.33,6.67,5.33,1.33
19-4099.01,1.33,6.33,2.67,5.33,4.67,1.0
19-4099.03,1.67,4.67,2.0,5.67,6.67,2.0
19-5011.00,1.33,5.33,2.67,6.67,4.0,4.0
19-5012.00,1.33,7.0,3.0,4.0,5.0,3.33
21-1011.00,4.33,2.0,3.0,4.0,1.33,7.0
21-1012.00,3.67,3.33,3.67,3.33,1.0,7.0
21-1013.00,4.33,2.33,2.67,4.0,1.0,7.0
21-1014.00,4.0,2.33,2.33,4.67,1.33,7.0
21-1015.00,3.67,3.33,3.33,4.0,1.0,7.0
21-1021.00,3.67,3.0,4.33,3.33,1.0,7.0
21-1022.00,3.33,3.0,3.33,4.0,1.0,7.0
21-1023.00,4.33,3.0,2.67,4.67,1.0,7.0
21-1091.00,3.33,2.67,4.33,3.33,1.67,7.0
21-1092.00,2.33,4.67,5.0,2.33,1.33,6.67
21-1093.00,1.67,6.33,4.33,2.0,1.67,6.0
21-1094.00,2.67,3.0,3.33,3.33,2.0,7.0
21-2011.00,4.67,2.67,4.67,2.0,1.0,7.0
21-2021.00,2.67,4.0,7.0,1.0,1.33,6.0
23-1011.00,4.0,3.67,7.0,4.67,1.33,3.33
23-1012.00,2.0,5.67,5.33,4.0,1.0,2.0
23-1021.00,3.0,3.33,6.67,5.0,1.0,4.0
23-1022.00,3.33,4.0,6.33,2.67,1.0,6.67
23-1023.00,2.0,4.0,7.0,3.67,1.33,5.67
23-2011.00,1.67,5.67,4.33,5.0,1.0,2.0
23-2093.00,1.0,7.0,5.0,2.33,4.0,2.0
25-1011.00,3.33,3.67,4.33,4.0,1.0,7.0
25-1021.00,3.33,5.0,1.67,5.67,3.0,6.67
25-1022.00,4.0,4.0,1.67,5.67,1.33,6.33
25-1031.00,5.33,2.67,2.33,3.0,3.33,7.0
25-1032.00,3.0,3.0,2.67,5.67,4.33,6.67
25-1041.00,3.33,3.0,2.33,6.0,4.67,6.67
25-1042.00,3.67,2.33,2.33,6.33,3.33,6.67
25-1043.00,3.33,2.67,2.33,6.0,4.33,6.33
25-1051.00,4.0,2.0,3.0,6.33,3.33,6.67
25-1052.00,3.67,2.33,2.67,6.33,4.67,6.67
25-1053.00,4.33,1.67,2.67,6.0,3.0,7.0
25-1054.00,3.33,2.33,2.67,6.0,3.67,6.33
25-1061.00,3.67,2.67,2.67,5.33,2.33,7.0
25-1062.00,4.33,2.33,2.33,6.0,1.67,6.67
25-1063.00,3.67,3.0,3.33,5.33,1.0,7.0
25-1064.00,4.33,3.67,2.0,6.0,2.67,7.0
25-1065.00,4.0,3.0,4.67,3.33,1.0,7.0
25-1066.00,4.33,3.0,3.0,6.33,1.33,6.67
25-1067.00,4.0,2.67,2.33,5.0,1.0,7.0
25-1071.00,3.67,2.67,2.33,6.0,1.67,6.67
25-1072.00,3.67,2.0,2.33,5.67,2.33,7.0
25-1081.00,4.33,2.67,3.0,4.0,1.33,7.0
25-1082.00,4.0,4.33,2.0,5.67,1.67,6.67
25-1111.00,3.0,1.67,3.0,5.67,2.67,6.67
25-1112.00,3.67,2.67,5.0,5.67,1.0,6.67
25-1113.00,4.0,3.0,3.0,5.67,1.33,7.0
25-1121.00,6.33,2.67,2.67,3.67,3.33,6.67
25-1122.00,4.67,3.33,3.67,4.0,1.0,7.0
25-1123.00,5.67,2.67,2.0,4.33,1.33,6.33
25-1124.00,5.33,2.67,3.0,5.33,1.33,7.0
25-1125.00,4.0,3.33,2.0,5.33,2.0,6.67
25-1126.00,5.0,2.33,2.67,4.33,1.0,7.0
25-1192.00,4.33,2.67,2.67,5.0,1.67,6.67
25-1193.00,4.0,2.67,2.67,3.67,4.0,6.67
25-1194.00,2.67,2.33,3.33,2.67,5.33,7.0
25-2011.00,5.67,2.0,3.33,2.67,2.0,7.0
25-2012.00,4.67,2.67,3.33,2.33,1.67,7.0
25-2021.00,4.33,4.0,2.33,3.67,1.33,7.0
25-2022.00,5.0,3.0,3.33,3.33,2.33,7.0
25-2023.00,5.33,4.33,2.67,4.33,1.33,7.0
25-2031.00,4.67,3.0,4.0,2.67,1.67,7.0
25-2032.00,3.67,2.67,3.67,3.67,3.33,7.0
25-2051.00,4.0,3.33,1.67,2.67,1.0,7.0
25-2057.00,5.0,2.67,3.33,3.33,2.33,7.0
25-2058.00,4.0,3.33,3.67,4.33,1.67,7.0
25-2059.01,2.0,2.67,3.0,2.33,4.0,7.0
25-3011.00,4.67,2.67,4.0,2.33,2.0,7.0
25-3021.00,5.33,2.0,4.0,2.67,1.67,7.0
25-3041.00,3.0,3.0,1.67,5.0,1.33,6.67
25-4011.00,1.67,6.67,2.33,5.33,3.0,3.33
25-4012.00,4.0,5.67,6.33,4.0,2.33,3.33
25-4013.00,4.0,3.67,3.0,3.67,7.0,1.67
25-4022.00,2.33,6.17,3.33,3.17,3.83,5.0
25-4031.00,1.67,7.0,3.67,1.33,2.33,5.0
25-9021.00,2.33,2.33,4.67,4.33,5.33,7.0
25-9031.00,4.33,3.0,4.33,5.0,2.0,6.67
25-9044.00,3.33,4.0,3.0,2.0,1.33,6.33
27-1011.00,7.0,3.0,6.33,1.33,3.0,2.33
27-1012.00,7.0,1.33,5.33,2.0,5.67,1.67
27-1013.00,7.0,1.0,3.33,2.67,5.0,2.0
27-1014.00,7.0,3.0,1.67,4.0,3.0,1.33
27-1021.00,6.67,1.67,4.67,2.0,4.0,2.0
27-1022.00,7.0,1.33,6.0,1.67,4.0,2.33
27-1023.00,6.33,2.67,5.0,1.0,4.33,2.33
27-1024.00,7.0,2.33,4.33,1.67,4.33,2.0
27-1025.00,6.67,1.33,5.33,1.67,3.0,3.0
27-1026.00,6.0,2.0,5.33,1.67,5.0,1.67
27-1027.00,7.0,2.33,3.33,3.0,5.0,2.0
27-2011.00,6.67,1.67,4.67,1.33,2.67,3.0
27-2012.00,6.0,3.33,6.67,1.33,1.67,3.33
27-2012.03,4.33,5.0,7.0,1.67,1.33,2.67
27-2012.04,5.67,3.67,7.0,1.33,1.67,3.33
27-2012.05,4.0,4.0,7.0,2.0,4.0,1.67
27-2021.00,1.67,2.33,4.67,1.0,6.33,3.0
27-2022.00,2.0,3.33,5.67,1.33,5.67,6.0
27-2023.00,1.33,4.33,6.0,1.67,6.0,3.0
27-2031.00,7.0,1.0,3.0,1.67,5.33,3.33
27-2032.00,7.0,1.67,4.67,1.67,2.67,5.0
27-2041.00,6.83,2.33,4.67,2.17,2.5,3.33
27-2042.00,6.83,1.0,4.17,1.17,2.17,2.33
27-3011.00,5.67,2.0,5.33,2.0,1.0,4.67
27-3023.00,6.33,2.67,4.5,4.0,1.5,3.83
27-3031.00,5.0,3.0,7.0,2.0,1.0,4.67
27-3041.00,6.33,4.0,6.0,2.0,1.33,2.0
27-3042.00,6.33,3.67,2.67,4.33,1.33,1.33
27-3043.00,6.33,3.0,6.67,3.0,1.67,2.33
27-3043.05,7.0,2.0,3.67,5.0,1.67,2.33
27-3091.00,6.0,3.67,2.0,3.33,1.33,5.33
27-3092.00,2.33,6.33,3.33,1.67,1.33,2.67
27-4011.00,3.33,4.67,1.67,5.0,7.0,1.0
27-4012.00,1.67,5.33,2.0,4.33,7.0,1.67
27-4014.00,5.0,3.67,3.33,2.67,6.67,1.0
27-4021.00,6.0,1.33,3.33,2.0,4.67,2.33
27-4031.00,6.0,3.67,2.33,2.67,6.33,2.33
27-4032.00,6.67,2.33,3.67,3.67,2.67,1.67
29-1011.00,2.0,2.0,2.67,5.67,5.33,6.0
29-1021.00,1.67,3.0,2.33,7.0,5.33,4.0
29-1022.00,1.67,2.67,3.0,5.0,6.0,5.67
29-1023.00,1.67,2.33,3.33,7.0,5.33,4.67
29-1024.00,2.33,3.0,1.33,7.0,6.0,4.0
29-1031.00,2.33,2.0,4.0,6.67,2.33,6.33
29-1041.00,1.0,2.67,3.33,6.0,5.0,5.33
29-1051.00,1.33,5.33,2.67,7.0,3.33,4.33
29-1071.00,2.0,2.67,1.67,6.33,4.0,6.33
29-1071.01,1.0,2.67,2.67,4.67,5.33,5.0
29-1081.00,2.0,2.0,2.67,7.0,4.33,6.0
29-1122.00,3.33,3.67,3.0,4.33,3.0,7.0
29-1122.01,3.0,2.67,3.0,4.67,4.33,7.0
29-1123.00,2.33,3.0,2.67,5.67,4.33,7.0
29-1124.00,1.0,5.0,1.67,3.67,5.33,5.67
29-1125.00,4.67,2.33,3.33,3.67,1.67,7.0
29-1126.00,1.33,2.67,2.33,5.0,4.33,6.67
29-1127.00,4.33,2.33,2.0,6.0,1.67,6.67
29-1128.00,3.67,2.67,3.33,5.33,4.0,6.33
29-1129.01,6.67,2.67,1.67,4.0,1.33,7.0
29-1129.02,6.33,2.0,1.67,4.33,1.33,6.33
29-1131.00,2.0,2.67,1.67,7.0,5.67,3.67
29-1141.00,1.67,4.67,2.0,5.67,3.67,7.0
29-1141.01,2.0,1.67,2.33,5.33,4.33,7.0
29-1141.02,3.67,2.33,2.0,6.0,2.33,6.67
29-1141.03,2.67,2.67,3.0,4.33,4.0,6.67
29-1141.04,1.0,4.33,6.67,4.0,2.0,5.67
29-1151.00,1.67,2.67,1.33,6.67,5.0,4.33
29-1161.00,2.33,1.33,3.0,4.0,3.33,7.0
29-1171.00,2.67,2.67,2.33,6.0,4.33,6.33
29-1181.00,2.33,3.67,1.67,6.67,2.67,6.33
29-1211.00,2.0,2.67,2.67,5.33,5.0,5.0
29-1213.00,2.33,1.67,2.0,7.0,4.33,6.0
29-1215.00,2.0,2.67,2.67,6.67,4.0,6.0
29-1216.00,2.0,2.67,3.67,6.67,4.33,5.33
29-1217.00,2.33,2.0,3.0,7.0,4.33,5.67
29-1218.00,2.0,2.0,3.67,7.0,5.0,6.0
29-1221.00,2.67,3.0,2.33,7.0,3.33,6.0
29-1222.00,1.67,3.33,1.0,6.67,4.33,3.0
29-1223.00,4.33,2.67,2.0,7.0,2.0,5.67
29-1224.00,1.67,3.0,1.0,6.67,6.0,4.67
29-1229.01,3.0,1.67,1.33,7.0,4.67,5.67
29-1229.02,1.67,2.33,3.0,5.0,3.67,6.33
29-1229.03,2.33,2.33,2.67,7.0,4.67,5.33
29-1229.04,3.0,2.0,1.67,7.0,4.0,5.67
29-1229.05,2.67,1.67,2.33,6.33,4.33,6.67
29-1229.06,2.33,2.0,1.33,6.67,4.67,6.0
29-1241.00,2.0,3.0,2.33,7.0,5.0,5.33
29-1291.00,2.33,1.67,2.0,5.0,5.33,6.0
29-1292.00,1.0,3.67,2.0,3.0,5.67,6.0
29-1299.01,4.0,1.67,1.67,6.67,3.33,6.33
29-1299.02,1.67,1.67,2.67,6.33,4.33,5.33
29-2011.00,1.67,4.67,2.67,7.0,5.67,2.0
29-2011.01,2.33,4.33,2.0,6.33,5.33,2.33
29-2011.02,1.67,3.33,1.67,6.67,5.0,1.67
29-2012.00,1.67,4.33,1.67,5.67,5.67,4.0
29-2031.00,1.33,3.67,2.33,5.33,5.33,5.33
29-2032.00,1.67,3.33,2.67,6.0,5.33,5.67
29-2033.00,1.33,3.67,1.67,6.33,6.0,4.0
29-2034.00,1.33,3.5,3.0,3.33,6.5,4.33
29-2035.00,1.67,4.33,2.33,3.33,5.0,3.67
29-2051.00,1.67,2.33,2.67,4.33,4.0,6.33
29-2052.00,1.0,7.0,2.67,3.0,5.0,3.67
29-2053.00,1.67,2.67,3.67,3.0,3.67,6.67
29-2055.00,1.0,4.0,2.33,2.33,6.0,5.0
29-2056.00,1.67,3.67,2.33,6.0,7.0,3.0
29-2057.00,1.33,5.0,2.33,2.67,3.67,4.33
29-2061.00,1.33,3.67,2.33,3.33,5.0,7.0
29-2081.00,1.67,5.33,6.33,1.67,4.33,4.33
29-2091.00,2.33,2.0,2.0,4.67,5.0,7.0
29-2092.00,1.67,2.67,3.0,6.0,4.0,6.0
29-2099.01,1.33,3.67,2.67,5.0,6.33,3.33
29-2099.05,1.33,4.33,3.67,4.0,4.0,3.33
29-2099.08,1.67,2.0,3.67,2.33,1.0,6.67
29-9091.00,2.0,1.67,3.0,4.33,5.33,6.67
29-9092.00,4.0,2.67,2.33,6.33,1.0,6.67
29-9093.00,1.33,6.33,1.67,3.33,4.0,5.0
29-9099.01,2.0,1.33,2.67,2.67,3.67,7.0
31-1121.00,2.0,2.67,2.33,2.0,5.0,7.0
31-1122.00,1.33,4.33,2.33,1.67,5.33,7.0
31-1131.00,1.33,5.67,1.67,1.67,4.33,6.67
31-1132.00,1.0,6.33,1.33,1.0,5.33,3.33
31-1133.00,2.33,4.67,2.0,2.33,4.67,7.0
31-2011.00,3.0,2.67,1.67,3.33,4.33,7.0
31-2012.00,2.0,3.33,2.0,2.0,4.67,7.0
31-2021.00,1.67,2.67,2.33,4.0,5.33,6.67
31-2022.00,1.33,2.67,2.33,1.67,5.67,6.67
31-9011.00,1.67,3.0,2.33,3.67,5.67,6.33
31-9091.00,1.33,6.0,2.67,3.33,5.67,4.67
31-9092.00,1.33,6.33,2.33,3.0,4.33,6.33
31-9093.00,1.0,6.0,2.0,3.67,6.33,2.0
31-9094.00,2.33,7.0,2.67,3.33,4.0,2.0
31-9095.00,1.0,7.0,3.33,2.67,4.67,3.33
31-9096.00,2.0,2.67,2.0,4.0,6.67,4.33
31-9097.00,1.0,5.67,2.0,4.0,5.0,4.0
31-9099.01,2.0,5.67,2.67,3.0,3.0,6.33
31-9099.02,1.0,4.33,1.67,4.67,6.67,2.33
33-1011.00,1.0,5.0,7.0,2.0,4.67,4.0
33-1012.00,1.33,4.33,7.0,2.33,3.67,4.67
33-1021.00,1.17,3.5,7.0,2.83,5.67,4.0
33-2011.00,1.17,2.17,3.33,3.0,7.0,4.83
33-2021.00,1.33,5.5,3.67,4.67,6.0,3.5
33-2022.00,1.0,5.67,4.67,3.0,6.33,2.33
33-3011.00,1.0,4.67,4.67,1.67,6.33,2.67
33-3012.00,1.0,4.67,5.0,2.0,6.67,2.67
33-3021.00,1.33,3.67,6.17,5.5,3.67,3.0
33-3021.02,1.33,6.33,3.0,4.0,5.67,2.0
33-3021.06,2.33,4.67,4.67,6.33,3.0,2.33
33-3031.00,1.67,3.0,2.0,5.0,7.0,3.67
33-3041.00,1.0,5.0,3.33,1.33,7.0,2.67
33-3051.00,1.17,3.67,6.0,2.0,5.83,4.67
33-3051.04,1.0,6.33,5.33,2.0,4.67,2.33
33-3052.00,1.0,4.33,4.67,2.67,6.67,2.0
33-9011.00,1.33,4.0,2.0,3.33,6.67,4.0
33-9021.00,1.33,5.0,6.67,3.0,3.67,3.33
33-9031.00,1.33,5.67,4.33,2.0,6.33,1.67
33-9032.00,1.33,5.33,4.33,2.33,7.0,3.33
33-9091.00,1.33,2.0,5.33,1.0,4.0,5.67
33-9092.00,1.0,2.67,3.0,2.67,6.33,6.0
33-9093.00,1.0,4.33,5.67,1.67,5.67,2.67
33-9099.02,1.67,6.0,6.0,3.33,3.33,1.67
35-1011.00,4.67,2.67,7.0,1.33,5.67,3.33
35-1012.00,1.67,6.0,7.0,1.33,4.33,3.67
35-2011.00,1.0,5.67,3.0,1.67,6.67,2.67
35-2012.00,2.67,5.67,3.67,1.0,6.0,3.67
35-2013.00,6.33,4.0,3.67,2.0,4.67,2.67
35-2014.00,3.33,3.33,4.0,1.33,6.67,2.33
35-2015.00,2.0,5.67,3.0,1.0,6.67,2.67
35-2021.00,1.33,6.0,2.67,1.67,6.67,2.67
35-3011.00,2.0,5.67,5.67,1.33,4.33,3.67
35-3023.00,1.33,4.33,3.83,1.0,5.67,4.33
35-3023.01,3.33,4.67,4.67,1.0,4.67,3.67
35-3031.00,2.33,5.0,5.33,1.0,4.33,5.67
35-3041.00,1.33,2.67,4.0,1.0,4.33,6.33
35-9011.00,1.0,4.67,2.67,1.33,7.0,3.67
35-9021.00,1.0,4.0,2.33,1.33,7.0,1.33
35-9031.00,1.33,3.0,6.0,1.0,3.0,4.33
37-1011.00,1.33,5.33,7.0,1.33,5.0,2.67
37-1012.00,1.33,5.0,7.0,2.0,5.67,2.67
37-2011.00,1.0,3.67,2.67,1.0,6.67,1.33
37-2012.00,1.0,5.0,2.33,1.33,6.67,3.0
37-2021.00,1.33,4.0,3.0,2.0,7.0,2.0
37-3011.00,3.0,4.33,2.67,3.0,7.0,1.33
37-3012.00,1.0,3.67,2.33,2.67,6.67,1.0
37-3013.00,1.33,2.33,2.33,1.33,7.0,1.33
39-1013.00,1.17,5.67,5.83,1.5,4.83,3.17
39-1022.00,2.33,5.0,7.0,1.0,2.33,4.67
39-2011.00,2.0,3.67,2.67,3.67,7.0,3.67
39-2021.00,1.0,5.33,3.0,2.33,6.67,3.33
39-3011.00,1.0,7.0,5.33,2.0,5.0,2.33
39-3012.00,1.33,6.67,5.33,1.0,4.33,3.0
39-3021.00,1.33,5.0,1.67,3.0,6.67,1.0
39-3031.00,1.33,5.0,4.67,1.0,4.33,5.0
39-3091.00,1.33,5.33,6.0,1.0,4.33,3.33
39-3092.00,3.67,6.67,2.33,1.0,4.67,3.33
39-3093.00,1.33,3.33,4.33,1.0,2.33,6.33
39-4011.00,1.33,4.67,3.33,4.0,6.67,3.0
39-4021.00,2.0,2.67,4.33,1.0,4.33,6.33
39-4031.00,1.67,4.33,7.0,1.0,3.0,5.33
39-5011.00,2.33,4.33,4.33,1.67,6.0,3.33
39-5012.00,6.33,3.33,5.33,1.33,4.33,4.67
39-5091.00,7.0,1.0,2.67,2.0,5.0,3.0
39-5092.00,2.33,4.33,5.0,1.0,5.67,4.33
39-5093.00,1.0,4.0,4.0,1.0,5.67,3.67
39-5094.00,3.33,2.0,6.67,1.0,4.67,4.67
39-6011.00,1.0,4.33,3.0,1.0,7.0,3.33
39-6012.00,2.67,3.33,5.33,1.0,2.67,5.67
39-7011.00,2.67,1.33,4.67,1.33,2.33,6.67
39-7012.00,2.67,5.67,6.33,2.0,3.0,4.0
39-9011.00,5.0,3.33,3.0,1.67,2.67,7.0
39-9011.01,4.0,4.0,4.0,1.33,2.67,7.0
39-9031.00,3.0,1.33,4.33,1.67,5.33,7.0
39-9032.00,4.33,2.33,5.67,1.0,3.67,6.33
39-9041.00,2.67,4.67,5.33,1.33,2.33,6.67
41-1011.00,1.67,5.33,7.0,1.0,3.0,4.33
41-1012.00,1.67,5.33,7.0,2.0,2.33,4.33
41-2011.00,1.33,6.67,4.33,1.0,2.67,2.67
41-2012.00,1.0,6.67,4.67,1.0,3.33,2.0
41-2021.00,1.33,5.67,5.0,1.0,2.33,2.67
41-2022.00,1.0,6.0,6.67,1.33,4.0,3.0
41-2031.00,1.67,4.0,7.0,1.0,2.67,3.33
41-3011.00,4.33,4.67,7.0,2.0,1.0,2.33
41-3021.00,1.33,5.33,7.0,1.67,2.33,3.67
41-3031.00,1.5,4.92,6.92,1.83,1.42,3.0
41-3041.00,2.67,5.67,7.0,1.33,2.33,3.67
41-4011.00,1.67,5.33,7.0,3.33,3.33,2.67
41-4011.07,1.67,3.67,6.67,2.0,3.0,2.67
41-4012.00,1.0,6.33,6.0,2.0,3.67,3.0
41-9011.00,2.0,5.0,7.0,1.0,3.67,2.67
41-9012.00,6.33,2.67,5.33,1.0,4.67,1.33
41-9021.00,1.33,5.67,7.0,1.0,3.33,3.33
41-9022.00,1.67,5.33,7.0,1.33,3.33,3.67
41-9031.00,2.0,3.0,7.0,4.0,5.0,2.33
41-9041.00,1.33,5.67,7.0,1.0,3.33,2.33
41-9091.00,2.33,4.67,7.0,1.0,3.0,3.0
43-1011.00,1.67,5.67,6.67,1.33,1.67,4.33
43-2011.00,1.0,6.67,4.67,1.0,3.0,3.67
43-2021.00,1.33,6.67,4.0,1.0,4.0,4.33
43-3011.00,1.0,6.67,5.67,1.33,2.0,2.33
43-3021.00,1.17,7.0,5.17,2.17,2.83,3.17
43-3031.00,1.0,7.0,3.67,2.33,2.33,1.67
43-3041.00,1.0,7.0,4.67,1.33,4.0,2.67
43-3051.00,1.0,7.0,3.67,1.0,1.67,2.0
43-3061.00,1.0,7.0,4.33,1.67,2.0,1.0
43-3071.00,1.0,6.67,4.67,1.33,2.67,2.0
43-4011.00,1.0,7.0,5.33,1.67,2.67,3.0
43-4021.00,2.0,6.67,4.33,2.33,2.67,2.67
43-4031.00,1.11,6.89,4.67,2.11,2.33,3.11
43-4041.00,1.0,6.5,5.17,2.0,1.83,2.67
43-4051.00,1.0,4.33,6.33,1.33,1.67,4.33
43-4061.00,1.67,5.67,4.33,1.0,1.33,6.0
43-4071.00,1.0,7.0,3.67,2.33,4.67,2.33
43-4081.00,1.33,6.0,5.33,1.0,2.33,4.0
43-4111.00,1.33,6.0,5.33,1.33,1.33,4.67
43-4121.00,1.0,7.0,2.67,1.67,5.33,4.0
43-4131.00,1.0,7.0,4.67,1.33,1.33,2.67
43-4141.00,1.0,6.67,5.67,2.0,2.33,4.33
43-4151.00,1.33,7.0,5.0,1.33,3.0,4.0
43-4161.00,1.0,7.0,4.67,1.67,1.33,3.33
43-4171.00,1.0,6.67,5.33,1.0,1.67,3.33
43-4181.00,1.67,6.33,5.67,1.33,1.67,4.0
43-5011.00,1.0,6.33,5.67,1.67,3.67,2.33
43-5011.01,1.33,6.67,4.67,3.0,2.67,2.33
43-5021.00,1.0,3.33,3.0,1.0,7.0,1.67
43-5031.00,1.0,6.67,4.0,2.67,4.67,3.33
43-5032.00,1.0,6.67,4.0,1.67,4.0,3.0
43-5041.00,1.0,7.0,2.67,1.67,5.33,2.67
43-5051.00,1.33,7.0,2.67,1.0,3.67,3.0
43-5052.00,1.0,6.33,3.33,1.33,5.67,3.0
43-5053.00,1.0,7.0,2.33,1.0,4.67,1.33
43-5061.00,1.0,6.67,5.33,1.67,2.67,1.67
43-5071.00,1.0,6.33,3.67,1.0,5.0,1.0
43-5111.00,1.0,7.0,3.33,2.0,4.67,1.67
43-6011.00,1.33,7.0,4.67,2.67,2.67,3.33
43-6012.00,1.0,7.0,4.33,2.0,2.33,2.33
43-6013.00,1.33,7.0,3.33,3.33,3.0,4.33
43-6014.00,1.33,7.0,5.0,1.0,1.33,3.0
43-9021.00,1.0,7.0,3.33,2.67,4.33,1.0
43-9022.00,1.0,7.0,2.67,1.0,1.33,1.33
43-9031.00,6.0,3.67,2.0,4.0,3.33,1.33
43-9041.00,1.0,6.83,4.5,1.83,1.0,2.67
43-9051.00,1.33,6.67,2.33,2.33,6.0,1.33
43-9061.00,1.0,7.0,4.33,1.67,3.67,3.67
43-9071.00,1.0,5.67,2.67,1.0,6.0,1.67
43-9081.00,3.33,6.67,2.67,1.67,1.33,2.67
43-9111.00,2.0,7.0,3.67,5.33,2.67,1.33
45-1011.00,1.08,4.33,6.5,2.33,5.83,2.42
45-2011.00,1.33,4.33,3.33,4.0,6.67,1.67
45-2021.00,1.33,2.67,2.67,3.67,6.67,1.0
45-2041.00,1.33,5.67,1.67,3.0,6.0,1.0
45-2091.00,1.0,2.0,1.67,1.67,7.0,1.0
45-2092.00,1.0,2.0,1.17,1.33,7.0,1.0
45-2093.00,1.0,2.33,1.33,1.33,7.0,1.0
45-3031.00,1.33,1.67,2.0,2.17,7.0,1.0
45-4011.00,1.33,4.67,3.0,3.67,7.0,1.67
45-4021.00,1.0,3.33,2.0,2.0,7.0,1.0
45-4022.00,1.0,3.67,1.67,3.67,7.0,1.0
45-4023.00,1.0,4.67,3.0,2.0,6.0,1.0
47-1011.00,1.0,4.67,7.0,1.67,5.67,2.33
47-1011.03,1.33,3.0,6.67,2.33,4.33,2.33
47-2011.00,1.0,2.67,1.67,1.67,7.0,1.0
47-2021.00,2.67,4.33,1.33,4.33,7.0,1.0
47-2022.00,2.0,2.0,2.0,1.0,7.0,1.33
47-2031.00,2.5,4.67,1.67,4.17,7.0,1.0
47-2041.00,1.33,2.67,3.0,1.33,7.0,1.67
47-2042.00,2.33,5.33,1.33,3.0,7.0,1.0
47-2043.00,1.0,2.0,1.33,1.0,7.0,1.0
47-2044.00,3.67,4.67,1.67,2.67,7.0,1.33
47-2051.00,1.33,2.67,3.0,1.67,7.0,1.0
47-2053.00,2.0,2.0,1.67,1.0,7.0,1.0
47-2061.00,1.0,2.67,2.33,1.0,7.0,1.0
47-2071.00,1.0,2.67,2.33,1.0,7.0,1.0
47-2072.00,1.33,3.67,1.67,3.33,7.0,1.0
47-2073.00,1.0,4.33,1.67,3.33,7.0,1.0
47-2081.00,2.0,5.33,2.0,3.0,7.0,1.33
47-2082.00,1.0,2.33,1.67,1.67,7.0,1.0
47-2111.00,1.33,3.33,2.67,3.33,7.0,1.33
47-2121.00,1.0,2.67,2.0,1.33,7.0,1.0
47-2131.00,1.0,2.33,1.67,1.33,6.67,1.0
47-2132.00,1.67,5.0,1.67,4.0,7.0,1.0
47-2141.00,1.67,2.67,1.67,1.0,7.0,1.0
47-2142.00,2.0,4.67,2.0,2.33,7.0,1.0
47-2151.00,1.0,2.33,2.33,1.33,7.0,1.33
47-2152.00,1.5,4.0,2.17,3.17,7.0,1.0
47-2152.04,1.0,4.0,2.0,2.33,6.67,2.0
47-2161.00,2.33,2.33,2.0,1.0,7.0,1.0
47-2171.00,1.67,4.67,1.0,3.33,7.0,1.0
47-2181.00,1.0,2.67,1.67,2.0,7.0,1.0
47-2211.00,1.67,2.0,1.67,1.33,7.0,1.0
47-2221.00,1.33,3.0,2.0,3.0,7.0,1.0
47-2231.00,1.33,4.0,1.67,2.67,6.67,1.67
47-3011.00,1.0,2.33,1.67,1.0,7.0,1.33
47-3012.00,1.33,4.33,2.33,2.0,7.0,1.33
47-3013.00,1.33,3.33,1.67,2.67,6.67,1.33
47-3014.00,1.67,2.67,2.33,1.0,6.67,1.33
47-3015.00,1.0,2.33,1.67,1.33,7.0,1.0
47-3016.00,1.0,4.33,2.0,2.0,7.0,2.0
47-4011.00,1.33,6.0,2.67,4.67,7.0,1.0
47-4011.01,1.0,7.0,4.67,2.67,3.33,1.33
47-4021.00,1.67,4.67,2.33,5.0,7.0,1.0
47-4031.00,1.33,4.67,2.67,2.67,7.0,1.0
47-4041.00,1.0,3.67,2.33,3.0,6.67,1.67
47-4051.00,1.0,4.33,2.33,3.0,7.0,1.33
47-4061.00,1.0,2.33,1.67,1.33,7.0,1.0
47-4071.00,1.0,2.33,2.67,1.67,7.0,1.33
47-4091.00,1.67,2.67,2.33,1.0,7.0,1.0
47-4099.03,1.0,4.0,2.67,2.67,6.67,2.33
47-5011.00,1.0,4.33,2.33,4.0,7.0,1.33
47-5012.00,1.0,3.33,4.0,2.0,7.0,2.0
47-5013.00,1.0,4.33,2.33,3.67,7.0,1.33
47-5022.00,1.0,1.67,2.0,1.67,7.0,1.0
47-5023.00,2.0,4.33,1.33,5.0,7.0,1.0
47-5032.00,1.33,4.67,2.33,5.67,6.67,1.33
47-5041.00,1.0,3.67,2.0,3.33,7.0,1.0
47-5043.00,1.0,2.67,1.33,1.33,7.0,1.0
47-5044.00,1.0,4.0,1.67,3.0,7.0,1.0
47-5051.00,1.33,3.67,1.33,2.67,7.0,1.0
47-5071.00,1.0,2.0,1.33,1.33,7.0,1.0
47-5081.00,1.0,4.33,2.0,2.67,7.0,2.0
49-1011.00,1.0,5.67,7.0,2.33,4.67,2.67
49-2011.00,1.33,5.0,2.67,4.67,7.0,2.0
49-2021.00,1.0,3.0,2.0,2.33,7.0,1.67
49-2022.00,1.33,4.67,2.33,5.0,7.0,2.0
49-2091.00,1.33,4.33,2.33,4.33,7.0,1.0
49-2092.00,1.0,3.33,1.33,2.33,7.0,1.0
49-2093.00,1.0,4.0,2.0,3.0,7.0,1.0
49-2094.00,2.33,4.67,2.67,5.33,7.0,1.0
49-2095.00,1.33,3.67,2.0,3.0,6.67,1.0
49-2096.00,2.0,4.33,2.0,5.0,7.0,1.0
49-2097.00,1.33,4.33,3.0,3.0,6.33,2.0
49-2098.00,1.0,3.67,2.0,2.67,6.67,1.0
49-3011.00,1.33,4.67,2.0,3.67,7.0,1.0
49-3021.00,1.67,2.33,2.33,1.67,7.0,1.0
49-3022.00,1.0,3.33,3.0,1.0,7.0,1.67
49-3023.00,1.0,3.0,2.5,3.5,7.0,1.17
49-3031.00,1.0,3.33,1.67,2.33,7.0,1.0
49-3041.00,1.33,5.0,2.0,4.0,7.0,1.33
49-3042.00,1.0,3.0,1.67,2.67,7.0,1.0
49-3043.00,1.0,2.67,1.33,2.67,7.0,1.0
49-3051.00,1.0,3.67,1.67,3.0,7.0,1.0
49-3052.00,1.33,2.67,2.0,2.33,7.0,1.0
49-3053.00,1.0,3.33,3.0,2.0,7.0,1.67
49-3091.00,2.0,4.33,2.67,3.67,7.0,1.0
49-3092.00,1.33,4.0,2.33,4.67,7.0,1.33
49-3093.00,1.0,4.0,2.0,3.0,7.0,2.0
49-9011.00,1.0,2.67,2.33,2.33,7.0,1.0
49-9012.00,1.0,4.67,2.0,4.0,7.0,1.0
49-9021.00,1.5,3.83,3.0,3.17,7.0,1.17
49-9031.00,1.0,5.0,2.67,4.33,7.0,1.67
49-9041.00,1.33,4.33,1.33,4.67,7.0,1.33
49-9043.00,1.33,5.0,2.0,3.67,7.0,1.33
49-9044.00,1.67,3.0,1.33,3.0,7.0,1.0
49-9045.00,1.0,3.67,1.67,3.33,7.0,1.0
49-9051.00,2.33,4.0,1.67,4.33,7.0,1.0
49-9052.00,1.0,2.67,3.0,2.0,6.67,1.0
49-9061.00,2.0,4.67,1.67,4.67,7.0,1.0
49-9062.00,1.67,4.67,1.67,5.0,7.0,1.33
49-9063.00,4.67,4.0,1.67,4.0,7.0,1.33
49-9064.00,1.33,4.67,1.67,4.0,7.0,1.0
49-9071.00,1.33,4.33,2.33,3.67,7.0,1.0
49-9081.00,1.0,4.0,2.33,2.33,6.67,1.33
49-9091.00,1.0,5.0,3.0,3.33,7.0,1.0
49-9092.00,1.33,2.33,2.33,2.33,7.0,1.0
49-9094.00,1.0,3.67,2.33,1.67,7.0,1.67
49-9095.00,1.33,3.33,2.67,1.67,7.0,2.33
49-9096.00,1.33,5.0,2.33,3.67,7.0,1.0
49-9097.00,1.0,3.33,1.67,2.0,7.0,1.0
49-9098.00,1.0,5.33,1.67,4.67,7.0,1.33
49-9099.01,1.0,4.0,2.33,2.33,6.67,1.33
51-1011.00,1.0,5.0,7.0,2.67,5.67,2.33
51-2011.00,1.0,2.67,2.0,1.67,7.0,1.0
51-2021.00,1.33,4.67,1.67,3.33,7.0,1.0
51-2022.00,1.0,3.0,2.0,1.67,7.0,1.0
51-2023.00,1.33,4.67,1.67,4.33,7.0,1.0
51-2031.00,1.0,3.0,1.33,2.0,7.0,1.0
51-2041.00,2.67,5.0,1.67,3.0,7.0,1.0
51-2051.00,2.0,5.33,1.33,3.67,7.0,1.0
51-2061.00,1.33,2.67,1.33,1.67,7.0,1.0
51-2092.00,1.0,5.0,4.67,2.0,7.0,1.67
51-3011.00,2.33,4.0,3.0,1.33,6.67,1.0
51-3021.00,1.33,4.67,4.0,1.67,6.67,1.33
51-3022.00,1.0,2.0,1.33,1.33,7.0,1.0
51-3023.00,1.67,5.0,2.67,2.0,7.0,1.0
51-3091.00,1.0,3.0,2.0,1.67,7.0,1.0
51-3092.00,1.67,6.0,3.0,3.33,7.0,1.0
51-3093.00,1.0,5.33,2.67,3.33,7.0,1.33
51-4021.00,1.0,2.67,1.67,1.33,7.0,1.0
51-4022.00,1.0,4.33,2.0,3.33,7.0,1.0
51-4023.00,1.0,4.0,3.0,2.0,6.67,1.0
51-4031.00,1.0,5.33,2.33,3.33,7.0,1.0
51-4032.00,1.67,5.0,2.0,4.67,7.0,1.0
51-4033.00,1.0,2.33,1.67,1.67,7.0,1.0
51-4034.00,2.0,4.33,1.33,4.67,7.0,1.0
51-4035.00,1.0,3.33,1.67,1.67,7.0,1.0
51-4041.00,2.0,5.33,1.33,4.67,7.0,1.0
51-4051.00,1.67,5.0,1.67,5.67,7.0,1.0
51-4052.00,1.0,3.0,1.67,2.0,7.0,1.0
51-4061.00,1.67,3.33,2.0,3.33,6.67,1.0
51-4062.00,4.0,4.33,1.33,4.33,7.0,1.0
51-4071.00,2.33,4.0,2.0,3.33,7.0,1.0
51-4072.00,1.67,5.0,1.33,3.67,7.0,1.0
51-4081.00,1.0,2.33,1.67,2.0,7.0,1.33
51-4111.00,3.33,4.33,1.33,5.0,6.67,1.0
51-4121.00,1.0,2.67,1.5,2.0,7.0,1.0
51-4122.00,1.33,4.67,3.33,3.33,7.0,1.0
51-4191.00,1.33,3.33,2.0,2.33,7.0,1.0
51-4192.00,2.0,3.67,1.67,3.67,6.33,1.0
51-4193.00,1.0,3.33,1.33,2.33,7.0,1.0
51-4194.00,1.33,3.0,2.0,2.0,7.0,1.0
51-5111.00,1.67,5.67,2.0,1.0,6.33,1.0
51-5112.00,1.67,5.0,2.0,1.67,6.33,1.33
51-5113.00,3.0,4.67,2.33,1.67,6.0,1.33
51-6011.00,1.0,3.33,2.33,1.33,6.33,1.33
51-6021.00,2.33,5.33,2.0,2.67,7.0,1.33
51-6031.00,1.67,4.0,1.67,1.33,6.67,1.0
51-6041.00,4.0,4.67,1.67,1.67,7.0,1.67
51-6042.00,1.0,2.67,1.67,1.33,7.0,1.0
51-6051.00,5.0,4.67,1.67,1.67,6.0,1.33
51-6052.00,4.0,2.33,3.67,1.0,6.67,2.0
51-6061.00,1.0,2.33,1.67,1.67,6.67,1.0
51-6062.00,1.0,2.67,1.33,1.33,7.0,1.0
51-6063.00,2.33,5.0,2.67,1.33,7.0,1.33
51-6064.00,1.0,3.33,2.0,1.67,6.67,1.0
51-6091.00,1.0,2.67,2.0,2.33,7.0,1.0
51-6092.00,4.67,3.67,2.0,1.33,5.67,1.0
51-6093.00,1.67,2.0,2.33,1.0,6.67,1.0
51-7011.00,2.0,2.67,2.0,1.0,7.0,1.0
51-7021.00,2.67,2.0,1.67,1.0,7.0,1.0
51-7031.00,4.67,4.33,1.0,3.33,7.0,1.0
51-7032.00,4.0,4.0,1.33,4.33,7.0,1.0
51-7041.00,1.67,5.0,1.0,3.33,7.0,1.0
51-7042.00,1.67,4.67,1.33,3.67,7.0,1.0
51-8011.00,1.0,4.0,3.0,1.67,6.67,1.0
51-8012.00,1.33,4.33,4.0,5.0,6.67,1.33
51-8013.00,1.0,4.33,2.33,2.0,6.33,1.0
51-8013.03,1.0,4.0,2.0,3.0,6.0,1.33
51-8013.04,1.0,3.67,1.67,3.0,6.0,1.33
51-8021.00,1.0,4.33,2.33,4.67,7.0,1.33
51-8031.00,1.33,3.67,2.0,2.33,6.33,1.0
51-8091.00,1.0,3.67,2.0,2.33,7.0,1.33
51-8092.00,1.0,6.33,2.67,3.33,6.33,1.0
51-8093.00,1.0,4.33,2.33,1.67,7.0,1.33
51-8099.01,1.0,4.0,2.0,3.0,6.0,1.33
51-9011.00,1.33,3.33,2.0,2.0,7.0,1.0
51-9012.00,1.33,5.0,2.33,4.33,7.0,1.33
51-9021.00,1.33,5.0,2.0,3.67,7.0,1.0
51-9022.00,2.67,4.33,1.67,3.33,7.0,1.0
51-9023.00,1.0,4.67,1.33,3.67,7.0,1.0
51-9031.00,1.67,5.33,2.0,2.33,7.0,1.0
51-9032.00,1.0,3.0,2.0,1.33,7.0,1.0
51-9041.00,1.33,5.33,1.67,3.67,7.0,1.0
51-9051.00,1.0,4.0,2.0,2.67,7.0,1.0
51-9061.00,1.0,6.67,2.67,3.67,6.33,1.67
51-9071.00,4.67,2.5,2.5,2.17,6.83,1.0
51-9071.06,2.0,3.0,2.33,3.33,6.67,1.0
51-9081.00,2.0,4.33,1.67,5.0,6.33,2.67
51-9082.00,2.33,3.0,1.67,4.67,7.0,4.33
51-9083.00,1.0,3.67,2.0,2.33,7.0,1.0
51-9111.00,1.67,5.33,1.67,3.0,7.0,1.0
51-9123.00,2.67,2.67,1.67,1.33,7.0,1.33
51-9124.00,2.0,4.67,1.67,3.67,7.0,1.0
51-9141.00,1.33,5.0,2.33,4.33,7.0,1.0
51-9151.00,2.67,6.33,2.0,2.0,4.33,2.0
51-9161.00,1.0,2.67,1.67,1.67,7.0,1.0
51-9162.00,2.0,6.0,1.67,6.0,5.67,1.33
51-9191.00,1.0,3.67,2.0,1.33,6.67,1.0
51-9192.00,1.0,2.67,1.33,1.33,7.0,1.0
51-9193.00,1.0,5.0,1.67,4.0,7.0,1.0
51-9194.00,2.67,3.33,2.33,1.0,7.0,1.67
51-9195.00,1.0,2.33,1.0,1.0,7.0,1.0
51-9195.03,6.0,2.67,1.67,1.67,7.0,1.0
51-9195.04,4.33,5.0,2.0,3.0,6.67,1.0
51-9195.05,4.0,1.67,1.33,1.33,6.67,1.0
51-9196.00,1.0,4.67,2.33,3.0,6.67,1.0
51-9197.00,1.33,4.33,1.67,3.0,7.0,1.0
51-9198.00,1.33,5.0,1.33,3.0,7.0,1.33
53-1041.00,1.33,3.67,7.0,2.67,5.67,2.0
53-1042.00,1.0,4.33,7.0,1.33,4.67,2.33
53-1042.01,1.0,4.0,5.67,1.67,2.67,2.0
53-1043.00,1.0,5.67,7.0,1.67,4.67,2.0
53-2011.00,1.33,5.33,3.0,4.33,7.0,1.67
53-2012.00,1.0,3.67,4.33,4.33,6.67,2.33
53-2021.00,1.0,6.0,6.33,2.33,3.67,2.33
53-2022.00,1.0,5.0,5.0,3.67,3.67,2.33
53-2031.00,2.33,4.67,6.0,1.33,3.33,5.33
53-3011.00,1.33,3.0,3.33,1.67,7.0,5.67
53-3031.00,1.33,3.33,5.67,1.0,6.0,2.33
53-3032.00,1.0,4.67,2.0,3.0,7.0,1.0
53-3033.00,1.0,5.33,3.0,2.67,7.0,1.0
53-3052.00,1.0,2.33,3.0,1.0,7.0,3.67
53-4011.00,1.33,4.67,2.33,2.33,7.0,1.67
53-4013.00,1.0,4.33,3.33,3.67,7.0,1.67
53-4022.00,1.0,4.33,2.33,2.17,6.83,1.33
53-4031.00,1.0,5.0,6.33,2.33,5.67,1.33
53-4041.00,1.0,5.33,3.0,2.67,7.0,2.67
53-5011.00,1.0,5.0,3.33,3.0,7.0,1.0
53-5021.00,1.0,4.44,5.89,3.22,6.33,2.11
53-5022.00,1.0,4.67,4.67,3.0,7.0,1.67
53-5031.00,1.0,5.33,5.0,3.0,7.0,2.0
53-6011.00,1.0,4.33,3.67,1.67,6.67,1.33
53-6021.00,1.0,5.67,3.33,1.0,6.67,2.67
53-6031.00,1.0,4.67,2.33,2.33,7.0,3.33
53-6041.00,1.33,3.0,3.67,4.67,6.33,2.33
53-6051.00,1.0,6.33,3.67,2.67,6.67,1.33
53-6051.01,1.0,5.67,2.67,5.33,6.67,1.33
53-6051.07,1.33,5.67,2.0,4.0,6.67,1.33
53-6061.00,1.33,4.33,4.67,1.0,4.67,4.67
53-7011.00,1.0,2.67,2.33,1.0,6.67,1.0
53-7021.00,1.0,4.33,1.67,3.33,7.0,1.0
53-7031.00,1.0,2.0,1.67,1.33,7.0,1.0
53-7041.00,1.0,2.67,2.67,1.33,7.0,1.0
53-7051.00,1.0,4.67,1.67,3.0,7.0,1.0
53-7061.00,1.0,3.33,2.0,1.33,6.67,1.33
53-7062.00,1.0,2.33,1.67,1.0,7.0,1.0
53-7062.04,1.33,6.67,1.67,1.33,6.67,1.33
53-7063.00,1.0,2.67,1.33,1.0,7.0,1.0
53-7064.00,1.0,2.67,2.0,1.0,6.67,1.0
53-7065.00,1.08,6.17,3.33,1.25,5.41,1.75
53-7071.00,1.0,3.0,2.0,1.33,7.0,1.0
53-7072.00,1.0,4.67,2.0,4.0,7.0,1.33
53-7073.00,1.0,5.0,1.33,3.67,7.0,1.0
53-7081.00,1.0,3.67,2.33,1.33,7.0,1.0
53-7121.00,1.0,5.0,2.0,3.0,7.0,1.33
